p_L (%), p_R (%), x (m), y (m), heading (Â°)
,,,,
,,,,
,,,,
,,,,
,,,,
,,,,
,,,,
,,,,
,,,,
,,,,
,,,,
,,,,
,,,,
,,,,
,,,,
,,,,
,,,,
,,,,
,,,,
,,,,
,,,,
,,,,
,,,,
,,,,
,,,,
,,,,
,,,,
,,,,
,,,,
,,,,
,,,,
,,,,
,,,,
,,,,
,,,,
,,,,
,,,,
,,,,
,,,,
,,,,
,,,,
,,,,
,,,,
,,,,
,,,,
,,,,
,,,,
,,,,
,,,,
,,,,
,,,,
,,,,
,,,,
,,,,
,,,,
,,,,
,,,,
,,,,
,,-1.2390305802982209,-15.654688224778674,-95.64781084889408
,,-1.2396446656290372,-15.652733315060047,-95.44741016092395
,,-1.2378667713849136,-15.658150688232388,-95.0605728055855
,,-1.238557347418651,-15.66403417676351,-94.33026334773298
,,-1.2397442498557745,-15.676961253995183,-93.36974165165364
,,-1.2408469710019614,-15.691216854408216,-92.05439936622358
,,-1.241537714281436,-15.699900089053903,-90.7677137479707
,,-1.2395213919941404,-15.690236688023766,-89.50791707233334
0,29.82005141388175,-1.2397787852675637,-15.690288143785953,-88.32450252904316
0,29.82005141388175,-1.2401371497582407,-15.687078130167619,-86.75338892316445
0,29.82005141388175,-1.2409407853369725,-15.679025866731633,-85.17385339993479
0,29.82005141388175,-1.2427553076832911,-15.662910737136587,-83.46714651874919
0,29.82005141388175,-1.2401225901441881,-15.68400596651945,-81.88873548165122
0,29.82005141388175,-1.2415648122297347,-15.674812817190105,-79.93911659675591
0,29.82005141388175,-1.242516783177995,-15.669714257407735,-79.05550153733037
0,29.82005141388175,-1.242516783177995,-15.669714257407735,-79.05550153733037
0,29.82005141388175,-1.242516783177995,-15.669714257407735,-79.05550153733037
0,29.82005141388175,-1.242516783177995,-15.669714257407735,-79.05550153733037
0,29.82005141388175,-1.243927738141961,-15.662751725682494,-78.14470429923352
0,29.82005141388175,-1.2463799565499694,-15.651820521668904,-76.32857206175369
0,29.82005141388175,-1.2510763334789914,-15.633331699378685,-74.5263350161441
0,29.82005141388175,-1.253223208356432,-15.661060095718616,-63.740182954462206
0,29.82005141388175,-1.2408490555645224,-15.696512371710861,-68.0299836347375
0,29.82005141388175,-1.2408490555645224,-15.696512371710861,-68.0299836347375
0,29.82005141388175,-1.2408490555645224,-15.696512371710861,-68.0299836347375
0,29.82005141388175,-1.2408490555645224,-15.696512371710861,-68.0299836347375
0,29.82005141388175,-1.2430078001079334,-15.686142814563969,-68.01356459573628
0,29.82005141388175,-1.2480720334551358,-15.6620431635999,-59.45567594381702
0,29.82005141388175,-1.2480720334551358,-15.6620431635999,-59.45567594381702
0,29.82005141388175,-1.2480720334551358,-15.6620431635999,-59.45567594381702
0,29.82005141388175,-1.2480720334551358,-15.6620431635999,-59.45567594381702
0,29.82005141388175,-1.2485923205611773,-15.65915340448563,-60.90193156419079
0,29.82005141388175,-1.2652702550226922,-15.636573284696453,-48.968356704941414
0,29.82005141388175,-1.2652702550226922,-15.636573284696453,-48.968356704941414
0,29.82005141388175,-1.2652702550226922,-15.636573284696453,-48.968356704941414
0,29.82005141388175,-1.2652702550226922,-15.636573284696453,-48.968356704941414
0,29.82005141388175,-1.2655600742098863,-15.633805483101277,-53.12080676229533
0,29.82005141388175,-1.2599352585666097,-15.642225811285565,-44.77671976832066
0,29.82005141388175,-1.2599352585666097,-15.642225811285565,-44.77671976832066
0,29.82005141388175,-1.2599352585666097,-15.642225811285565,-44.77671976832066
0,29.82005141388175,-1.2599352585666097,-15.642225811285565,-44.77671976832066
0,29.82005141388175,-1.2612081786136196,-15.639522236914779,-46.311318428153236
0,29.82005141388175,-1.2876499866250641,-15.61990389852731,-36.197276381156335
0,29.82005141388175,-1.2876499866250641,-15.61990389852731,-36.197276381156335
0,29.82005141388175,-1.2876499866250641,-15.61990389852731,-36.197276381156335
0,29.82005141388175,-1.2876499866250641,-15.61990389852731,-36.197276381156335
0,29.82005141388175,-1.2895011903739135,-15.615631833280228,-39.20862245665979
0,29.82005141388175,-1.2125307356589745,-16.04285011520498,-31.248058711005175
0,29.82005141388175,-1.2125307356589745,-16.04285011520498,-31.248058711005175
0,29.82005141388175,-1.2125307356589745,-16.04285011520498,-31.248058711005175
0,29.82005141388175,-1.2125307356589745,-16.04285011520498,-31.248058711005175
0,29.82005141388175,-1.204412006929976,-16.047691392808858,-32.48484340555039
0,29.82005141388175,-0.990287850884067,-16.173162063708723,-21.41199339263376
0,29.82005141388175,-0.990287850884067,-16.173162063708723,-21.41199339263376
0,29.82005141388175,-0.990287850884067,-16.173162063708723,-21.41199339263376
0,29.82005141388175,-0.990287850884067,-16.173162063708723,-21.41199339263376
0,29.82005141388175,-0.9750982549573464,-16.182900651805376,-23.587260310896053
31.876606683804624,32.13367609254499,-0.909634953223035,-16.69169988356956,-15.099319154761574
31.876606683804624,31.619537275064268,-0.8369152532508746,-16.71380449821697,-12.510614837851836
31.876606683804624,29.30591259640103,-0.7863764564185914,-16.722507989065207,-9.26128550451956
0,-8.333333333333332,-0.7267943803668008,-16.731994797355664,-6.891803002222402
0,-10.15625,-0.675979964660872,-16.73864395959195,-4.853658654920879
0,-13.541666666666666,-0.5770183997936685,-16.747415412717913,-2.406093943057795
0,-17.1875,-0.5162474545487807,-16.749176170391042,-0.4181372402360854
0,-20.833333333333336,-0.4516641443141695,-16.749438150722487,1.5732507906982653
0,-24.479166666666664,-0.3990737269829172,-16.74784991502697,3.0762079339543367
0,-27.864583333333332,-0.7403555999534305,-17.257701211626692,4.225820419310261
0,-29.947916666666668,-0.7149807051179378,-17.258568484141048,4.723766941857676
0,-29.947916666666668,-0.5888135518434979,-17.242362075341635,5.828890946021952
0,-29.947916666666668,-0.5346154242819561,-17.238259950693653,6.20441833009739
0,-29.947916666666668,-0.4732929129214735,-17.233170657169243,6.3761203143955525
0,-29.947916666666668,-0.4212191091920387,-17.228870586693546,6.425686862365061
0,-29.947916666666668,-0.3199838252714725,-17.215555363508773,6.4175213093029155
0,-29.947916666666668,-0.25824695411569176,-17.208968705975785,6.287074536409046
0,-29.947916666666668,-0.1941626551731848,-17.202288461011523,6.0564254364401835
0,-29.947916666666668,-0.13906363317452755,-17.196835551158564,5.546107823342823
0,-29.947916666666668,-0.5666701543326274,-17.481856271190335,4.531037988005651
0,-29.947916666666668,-0.5964186982385158,-17.481966612632746,3.3327834472854585
0,-29.947916666666668,-0.5718711780543425,-17.48155907230003,1.9486531788686936
0,-29.947916666666668,-0.54943779857127,-17.481543052744968,0.7233330677468117
0,-29.947916666666668,-0.5201412545090173,-17.48195164768688,-0.5322876539949688
0,-29.947916666666668,-0.49520430560603007,-17.48282032645201,-1.6968151683140866
0,-29.947916666666668,-0.5211388776658085,-17.484672277581094,-2.8537094600742177
0,-29.947916666666668,-0.5047296008664164,-17.485764728302403,-3.8906187664724734
0,-29.947916666666668,-0.4896714523153448,-17.486707856794375,-5.098906122086267
0,-29.947916666666668,-0.4767314037508767,-17.48784864470783,-6.475583645291283
0,-29.947916666666668,-0.7633889727110824,-17.62946928429839,-8.436730541585849
0,-29.947916666666668,-0.7722265291415334,-17.628094553801695,-10.533704123270535
31.876606683804624,29.82005141388175,-0.7707691982572487,-17.62883970871187,-12.653788763035873
31.876606683804624,30.848329048843187,-0.7721581108782797,-17.628623085788607,-14.758666171869761
31.876606683804624,32.13367609254499,-0.7728724539269427,-17.628466313977448,-17.22574241943031
31.876606683804624,33.16195372750643,-0.7739639949685237,-17.62808682586383,-19.676571943187614
0,5.912596401028278,-0.7759490836444307,-17.627929321420385,-22.4033560273079
0,8.483290488431876,-0.7755986744523732,-17.62829796615296,-24.87014227353135
0,11.825192802056556,-0.7725946367052047,-17.629461696922338,-27.48154604339142
0,15.167095115681233,-0.7685754294843193,-17.6313861779492,-29.718262078962564
0,19.02313624678663,-0.9088731042222605,-17.703870514731523,-31.909807230987987
0,22.62210796915167,-0.924159332710295,-17.697199803526285,-33.77900872188448
0,26.735218508997427,-0.9175575684138797,-17.70177798272971,-35.62986396675022
0,29.82005141388175,-0.9102432471056644,-17.707338037092548,-37.252002089852965
0,29.82005141388175,-0.8999073378268158,-17.71551835427746,-38.969836745111934
0,29.82005141388175,-0.8881701691218805,-17.725252078155506,-40.50048137981089
0,29.82005141388175,-0.9211368810713401,-17.7047547095916,-41.68671735419137
0,29.82005141388175,-0.9136966980552357,-17.710772177031508,-42.27080034754725
0,29.82005141388175,-0.9084464896177685,-17.71520357705906,-42.4277016684553
0,29.82005141388175,-0.9021423068230358,-17.720698332107347,-42.22340144256437
0,29.82005141388175,-0.9760388449634302,-17.74947773779155,-41.782658487781845
0,29.82005141388175,-0.9899971819268029,-17.737560464959614,-41.306984742780465
0,29.82005141388175,-0.9836869507425512,-17.74300459721683,-40.810406857116035
0,29.82005141388175,-0.9762387784084893,-17.749399932479093,-40.32472974400763
0,29.82005141388175,-0.9629751192337833,-17.76043982817959,-39.56006877549805
0,29.82005141388175,-0.9539983933585847,-17.7675172397492,-38.736437228985125
0,29.82005141388175,-0.9788724797599755,-17.746630803618444,-37.73714704815084
0,29.82005141388175,-0.972011206570773,-17.751869662506085,-36.65343722308725
0,29.82005141388175,-0.9679696150870237,-17.754652787048162,-35.291475513848276
0,29.82005141388175,-0.9649050173305346,-17.756562005015617,-33.99181766144811
0,29.82005141388175,-1.0156506453113938,-17.759696120143847,-32.496054911835856
0,29.82005141388175,-1.0103932560674718,-17.763482429820986,-30.940814879481813
0,29.82005141388175,-1.0128263933384969,-17.76199791444058,-29.180419595416243
0,29.82005141388175,-1.0154655669986248,-17.760535260763778,-27.451686323665733
0,29.82005141388175,-1.020693301638736,-17.7578374212703,-25.583725564926088
0,29.82005141388175,-1.0331499422866723,-17.751898989913215,-24.00707840124856
0,29.82005141388175,-1.0035159096177986,-17.76979638193067,-22.555402347881802
0,29.82005141388175,-1.011241630401114,-17.766475062149553,-20.815910742175348
31.876606683804624,33.933161953727506,-1.0189387345471472,-17.763483141058202,-18.54887857022186
31.876606683804624,32.64781491002571,-1.033038854200957,-17.758977741665216,-16.339510146003793
31.876606683804624,31.619537275064268,-1.0652308550471374,-17.75749724488036,-14.088777312422897
31.876606683804624,30.59125964010283,-1.0363498834377858,-17.770337560645466,-12.54324298612994
31.876606683804624,29.82005141388175,-1.0472298784481193,-17.76783259389202,-10.581710202197371
0,-6.770833333333333,-1.0547507212774323,-17.766488916170093,-8.583809995834697
0,-8.59375,-1.063660702002667,-17.765278201108114,-6.751011290199399
0,-10.9375,-1.0658627711917497,-17.765065242379382,-5.096260867148626
0,-13.802083333333334,-1.0706640646238967,-17.76447050409766,-3.316927706332478
0,-16.927083333333336,-1.0673780979763952,-17.765343765457803,-1.6734749381715677
0,-20.052083333333336,-1.0737437413338782,-17.765412142601868,-0.15994362943492024
0,-23.177083333333336,-1.0838015630455828,-17.765463598731465,1.01586431506223
0,-26.041666666666668,-1.086381086448122,-17.765858396207403,1.9289543905227204
0,-28.90625,-1.0560898857558076,-17.769195049281503,2.527075428691121
0,-29.947916666666668,-1.0712942846748212,-17.7695333092329,2.906492776993422
0,-29.947916666666668,-1.0842195237666772,-17.77028499274702,3.278559262089972
0,-29.947916666666668,-1.104288805137699,-17.77158004628295,3.6109574736340533
0,-29.947916666666668,-1.1265092138441721,-17.773055875010538,3.771816148030674
0,-29.947916666666668,-1.073003321104587,-17.77240397793471,3.9023978335598453
0,-29.947916666666668,-1.0797526609375399,-17.772802352792816,3.9304559382801476
0,-29.947916666666668,-1.0960043246521747,-17.773910801357783,3.893274423957717
0,-29.947916666666668,-1.101359984333661,-17.774234062051875,3.479685097567727
0,-29.947916666666668,-0.7720842901108195,-17.743595558401033,2.57429133804369
0,-29.947916666666668,-0.6364495877716266,-17.737357321377065,1.4494194742014208
0,-29.947916666666668,-0.5991718123457872,-17.736840162610974,-0.0612077506745011
0,-29.947916666666668,-0.563813734371973,-17.737312922329405,-1.6630582375549205
0,-29.947916666666668,-0.5246206396721705,-17.739140193142465,-3.7116239436259733
0,-29.947916666666668,-0.48609607221421164,-17.742387812079276,-5.79451813965248
0,-29.947916666666668,-0.3888413806873475,-17.75020787565868,-8.27521984119231
0,-29.947916666666668,-0.3602040847742933,-17.75472658699195,-9.453459529421176
31.876606683804624,30.077120822622106,-0.2660715601779808,-17.774278560875153,-13.38957333050103
31.876606683804624,31.362467866323907,-0.2078245872355559,-17.79024728565998,-16.11604621896977
31.876606683804624,32.904884318766065,0.030014177992216097,-17.73253265067982,-19.318008407156398
0,5.655526992287918,0.08116636836635772,-17.75479818735311,-22.204221613180586
0,8.483290488431876,0.14083681407665272,-17.781628402254945,-25.192639480734545
0,12.082262210796916,0.19885708951953726,-17.81113784512644,-27.681977482423545
0,15.681233933161954,0.26416784647659103,-17.84786288202072,-30.09557104437964
0,19.28020565552699,0.32930922651292205,-17.887953789827083,-32.283615872860864
0,23.39331619537275,0.34205541296989317,-17.909263035582722,-34.71246149608368
0,27.76349614395887,0.3968313031110871,-17.949431527422128,-36.74103320964129
0,29.82005141388175,0.45441150285991594,-17.99506617234919,-38.73126256643993
0,29.82005141388175,0.5088852117569874,-18.040757486647426,-40.35257454328987
0,29.82005141388175,0.6923323657770474,-17.842158764063026,-41.903559541271726
0,29.82005141388175,0.7213567411033935,-17.877708904873696,-42.94654282000093
0,29.82005141388175,0.7740765839456719,-17.926581508858497,-43.42960948535764
0,29.82005141388175,0.8260062973005123,-17.97456607269643,-43.39679431038084
0,29.82005141388175,0.8876330338783252,-18.031261791267653,-42.97042575461418
0,29.82005141388175,0.9493923718922451,-18.08708599422841,-42.36000072852372
0,29.82005141388175,0.9467701500604014,-18.088572273311964,-41.713217267110174
0,29.82005141388175,0.9771225334886113,-18.11510388590244,-41.40733212116918
0,29.82005141388175,1.0584390150235021,-18.184876434424634,-40.496172906262444
0,29.82005141388175,1.0802600885640752,-18.203144930979715,-40.264633117950936
0,29.82005141388175,0.981925199011481,-17.927491949636178,-39.47251111065976
0,29.82005141388175,0.9357393884526582,-17.889043367726696,-38.73925382204602
0,29.82005141388175,0.9515242146748295,-17.90083877594691,-37.75352079372604
0,29.82005141388175,0.9665107292763784,-17.91173207879723,-36.67774062801195
0,29.82005141388175,0.9842392169548831,-17.92422792906239,-35.373136831326875
0,29.82005141388175,0.9970965932122481,-17.932756069417447,-33.946168119398884
0,29.82005141388175,0.9699821885257249,-17.910967453010134,-32.23105688792401
0,29.82005141388175,0.9754237241232877,-17.91429433751444,-30.708627595461376
0,29.82005141388175,0.9789116149621807,-17.916404634629313,-29.50450906160042
0,29.82005141388175,0.9902626622392188,-17.922736635784123,-28.01000606667579
0,29.82005141388175,0.900295269647527,-17.75445846499821,-26.385366280047776
0,29.82005141388175,0.9042978155798687,-17.755931920969566,-25.400943612759903
0,29.82005141388175,0.8910307474451276,-17.74872544468738,-23.044332431568492
0,29.82005141388175,0.8951864826499929,-17.75025200218769,-21.023045893813645
31.876606683804624,34.19023136246786,0.8914242349773,-17.748805353235003,-19.082657532245552
31.876606683804624,33.16195372750643,0.8845456015915069,-17.746583574458942,-17.137718299580527
31.876606683804624,32.13367609254499,0.9014339936716553,-17.754034682818062,-15.294599957228163
31.876606683804624,31.10539845758355,0.8991712081374621,-17.753429714519115,-13.443657017645172
31.876606683804624,30.334190231362467,0.8976249693960391,-17.75337011054983,-11.687108310122735
31.876606683804624,29.30591259640103,0.896681832371854,-17.753364085577577,-9.777271591337913
0,-7.291666666666667,0.8448741386893294,-17.665022776608065,-7.965494359351645
0,-9.114583333333332,0.8448111937040613,-17.664732571723768,-6.8543312495469655
0,-12.239583333333332,0.8433235735339393,-17.66469845727939,-4.050748747706635
0,-15.104166666666666,0.845008463979494,-17.664815158993093,-2.5250182379377697
0,-17.708333333333336,0.8494196701542849,-17.664911843948605,-1.2230179588589145
0,-20.833333333333336,0.8489134144053156,-17.6648584028957,0.052429668613771074
0,-23.697916666666664,0.8518824913686741,-17.66490342668638,1.1182527596944323
0,-26.5625,0.8505571741511198,-17.665510499500147,1.8866265392249582
0,-29.166666666666668,0.8408800813763301,-17.66600738694045,2.249685367528526
0,-29.947916666666668,0.8224892250570662,-17.66700320520086,2.6639852405287545
0,-29.947916666666668,0.7862539660597154,-17.62330092443983,3.0859784562534047
0,-29.947916666666668,0.8277426415404363,-17.62471525596568,3.4788528503663088
0,-29.947916666666668,0.8093485909528836,-17.62576388401718,3.6748704635817693
0,-29.947916666666668,0.7974138987922708,-17.626528701294493,3.706156740757104
0,-29.947916666666668,0.7683980837852333,-17.628521258809585,3.7664918496825748
0,-29.947916666666668,0.7479487729538683,-17.6299219435147,3.550551186019676
0,-29.947916666666668,0.7822309457548877,-17.628238782356352,2.975720679397817
0,-29.947916666666668,0.7780072946505091,-17.628476147366882,1.870543386688729
0,-29.947916666666668,0.7757775073884136,-17.628576899169687,0.5879077544804264
0,-29.947916666666668,0.7754039381790021,-17.628642257930178,-0.9030541686104497
0,-29.947916666666668,0.7873142957789111,-17.60340240705139,-2.293927977248368
0,-29.947916666666668,0.7738494018510959,-17.604028420248476,-3.813667289382602
0,-29.947916666666668,0.7822236843317795,-17.604386070451906,-5.391961142261569
0,-29.947916666666668,0.7875326210855323,-17.604986543134743,-6.423022912636754
0,-29.947916666666668,0.7976606147158901,-17.60647713022811,-9.231950169320708
0,-29.947916666666668,0.8015654591164029,-17.60735111196533,-11.450305545605007
31.876606683804624,30.334190231362467,0.7997808821680237,-17.607144347890475,-13.757006895501128
31.876606683804624,31.619537275064268,0.7969760646663068,-17.60718580660427,-16.323794525527422
31.876606683804624,32.64781491002571,0.7948549371197244,-17.60640579756269,-18.642319396636108
31.876606683804624,34.19023136246786,0.7865610816000658,-17.60342960776023,-21.25160146699888
0,7.197943444730077,0.7841985830854874,-17.588805054701403,-23.411645438166275
0,9.254498714652955,0.7906590252230385,-17.59021760793596,-25.32879725951846
0,11.568123393316196,0.7925024361052683,-17.59198476989173,-26.582125542842213
0,14.138817480719796,0.8060501121204312,-17.598975835680733,-27.69642811830333
0,16.195372750642672,0.823890284008106,-17.608589914039147,-28.602287813871897
0,18.76606683804627,0.8468829994535839,-17.621600154203097,-29.719148740063034
0,21.59383033419023,0.789481295958675,-17.596577989272593,-30.837621962007034
0,24.67866323907455,0.7999152275750065,-17.603223293442625,-32.26181966853729
0,28.020565552699228,0.8126240414591979,-17.611675465027417,-33.73347029013831
0,29.82005141388175,0.826902461572801,-17.621553451579413,-35.01123328108036
0,29.82005141388175,0.8206689213361663,-17.608147694522128,-35.67380162398151
0,29.82005141388175,0.7986848584764528,-17.59591781603979,-35.644817529724826
0,29.82005141388175,0.8072169726466544,-17.601873815314313,-35.169720845119905
0,29.82005141388175,0.8170391665274195,-17.60863221693646,-34.42222026917314
0,29.82005141388175,0.827656670269095,-17.615776768535973,-33.64288601260314
0,29.82005141388175,0.8305358278460948,-17.61760917886732,-33.20157303850416
0,29.82005141388175,0.8081843611772844,-17.60243811988164,-32.14717312352219
0,29.82005141388175,0.8175594187650791,-17.608345807376814,-31.217643077947628
0,29.82005141388175,0.8236854581098233,-17.61195034230071,-30.231156740606597
0,29.82005141388175,0.8323181200417409,-17.616844154684465,-29.064033900580235
0,29.82005141388175,0.8159669346230579,-17.59978999094884,-27.910169048267743
0,29.82005141388175,0.8109078473793588,-17.59660619791471,-26.673582429384187
0,29.82005141388175,0.812868165446954,-17.5973195430091,-25.391111699324682
0,29.82005141388175,0.8170501800536824,-17.59925284159022,-23.628478500709072
0,29.82005141388175,0.8230296479726638,-17.601754564944883,-21.88097008790629
0,29.82005141388175,0.8236197779595241,-17.60192805815986,-20.914479606526914
31.876606683804624,33.67609254498715,0.8250864288444559,-17.602501561191804,-18.687387818355
31.876606683804624,32.904884318766065,0.8229516217740526,-17.601282255523554,-16.89508980793375
31.876606683804624,32.13367609254499,0.8218465571541749,-17.601071476747983,-15.20959744925287
31.876606683804624,31.10539845758355,0.8167691277001624,-17.599818012664155,-13.337910678384874
31.876606683804624,30.077120822622106,0.7983997226013648,-17.587851297701285,-11.57556713461313
31.876606683804624,29.30591259640103,0.8066762001320869,-17.590979012215094,-9.756124296086458
0,-7.291666666666667,0.8055760607438276,-17.59035919323821,-7.863600806995098
0,-9.375,0.8080107915615061,-17.59070598747154,-6.634794170849876
0,-12.5,0.8050603670785687,-17.590508676953938,-3.709640580349375
0,-15.364583333333334,0.7961891027821186,-17.590040459802186,-2.099547479766584
0,-18.229166666666664,0.8240332653912689,-17.594918511951825,-0.6997593826138032
0,-21.614583333333336,0.8157264931365058,-17.595088181018248,0.5920200747536825
0,-24.21875,0.8069550303742723,-17.595191131893003,1.4526228553214033
0,-27.34375,0.7907248325886603,-17.595907456853215,2.2791036159508766
0,-29.947916666666668,0.9974258810376383,-17.587448570396628,3.1195537639249844
0,-29.947916666666668,1.121810956522237,-17.590133203775796,3.7815339555648046
0,-29.947916666666668,1.1283984397123799,-17.589719990098832,4.165397502031359
0,-29.947916666666668,1.1298579740621173,-17.589521015049883,4.486446770164998
0,-29.947916666666668,1.12532896696846,-17.589887554834565,4.6326403022586184
0,-29.947916666666668,1.123799452991899,-17.590013638821592,4.67724320735759
0,-29.947916666666668,1.2594670163553734,-17.582445279045142,4.658261984693606
0,-29.947916666666668,1.2856793382098415,-17.580313531688223,4.210012106946802
0,-29.947916666666668,1.31060473918524,-17.57867171482305,3.294180693106234
0,-29.947916666666668,1.3390557043612612,-17.577333689134264,2.0172277445148796
0,-29.947916666666668,1.531868075881401,-17.57014335960709,0.9069797815451915
0,-29.947916666666668,1.5777400216286788,-17.569694054055677,-0.25196676801848517
0,-29.947916666666668,1.623458800703171,-17.57015978794626,-1.3677059171197874
0,-29.947916666666668,1.6711156512342888,-17.57195985717693,-2.7227843755706846
0,-29.947916666666668,1.7126348819212807,-17.574590552591694,-4.187020806628632
0,-29.947916666666668,1.7579154983986065,-17.57879982274046,-6.0423795661584
0,-29.947916666666668,1.811314778803181,-17.58419460697463,-8.001360367263121
0,-29.947916666666668,1.8511267396160769,-17.59162674860258,-10.456249818633188
31.876606683804624,29.82005141388175,1.8927118424852618,-17.600677152885304,-12.97884747574732
31.876606683804624,31.362467866323907,1.9413210488705366,-17.613762969532413,-16.004035460075198
31.876606683804624,32.64781491002571,2.0543550705710807,-17.599006407418447,-18.78263741138948
31.876606683804624,34.19023136246786,2.08279071290427,-17.60899892256813,-20.21889963908894
0,7.455012853470437,2.129108716987357,-17.63209135310644,-23.462047134000994
0,9.511568123393316,2.175255516996868,-17.653552028376257,-25.760521812983313
0,12.596401028277635,2.2208753364447964,-17.677110883956892,-27.97244360609842
0,16.195372750642672,2.2736845377590895,-17.70691168707162,-30.118468095067136
0,19.53727506426735,2.2650653959713964,-17.712623219467027,-31.74057822696583
0,22.62210796915167,2.2905120580179448,-17.729027877215817,-32.52145433885837
0,25.96401028277635,2.3593555404644158,-17.774297244679868,-34.2060175097148
0,29.30591259640103,2.3855694147635753,-17.792528147955224,-34.8630211155536
0,29.82005141388175,2.280536969983222,-17.70536896401248,-36.90529576003419
0,29.82005141388175,2.2391428306067502,-17.684093459291663,-38.16356441008329
0,29.82005141388175,2.2490778757180725,-17.692075816787803,-38.73655203193734
0,29.82005141388175,2.26002280300272,-17.7008802289453,-38.73313131244984
0,29.82005141388175,2.2714136222476666,-17.709892824290225,-38.25812876718787
0,29.82005141388175,2.2892694018846496,-17.723771120804177,-37.57150745381552
0,29.82005141388175,2.2458296114509406,-17.69173591447077,-36.80630265765442
0,29.82005141388175,2.258645682942471,-17.701075235173054,-35.94040893245501
0,29.82005141388175,2.268826924212271,-17.70829780033196,-35.135617977440745
0,29.82005141388175,2.2757264595187197,-17.71304133217347,-34.17681531145418
0,29.82005141388175,2.1924954733884734,-17.64130730227001,-33.236492797584845
0,29.82005141388175,2.185509584444065,-17.63606834707396,-32.10960494390978
0,29.82005141388175,2.188269009824785,-17.637797501427528,-31.062470403080297
0,29.82005141388175,2.1914572147433944,-17.639637195131726,-30.360536165866627
0,29.82005141388175,2.1966928573737805,-17.642576989968205,-28.125995824320892
0,29.82005141388175,2.202328349371497,-17.645493117890595,-26.31730748677337
0,29.82005141388175,2.194757626000593,-17.640711973113575,-24.806515531296235
0,29.82005141388175,2.194715241329353,-17.64055131029112,-23.11622658422619
0,29.82005141388175,2.1923907609494537,-17.6397287561995,-21.442536570870452
31.876606683804624,34.19023136246786,2.187954927435642,-17.63812366359816,-19.581298311665602
31.876606683804624,33.41902313624679,2.1389163946874623,-17.59903336231461,-17.737822446577773
31.876606683804624,32.390745501285345,2.147648406006813,-17.603474654381603,-15.849096724814437
31.876606683804624,31.362467866323907,2.1453151149445966,-17.6026514376739,-14.036267715193967
31.876606683804624,30.334190231362467,2.142990744273808,-17.60221236393449,-12.037545406809226
31.876606683804624,29.562982005141386,2.140188592973072,-17.601672645864074,-10.17629211599666
0,-7.291666666666667,2.1380972236200284,-17.601370932049846,-8.031681197496711
0,-9.114583333333332,2.147001361781926,-17.603981522373036,-6.15031684547571
0,-11.979166666666668,2.1420266745138163,-17.603292078055038,-4.23004230789187
0,-14.84375,2.138463172194028,-17.602970977845512,-2.6833216692119746
0,-17.708333333333336,2.1387399082630414,-17.60299782719885,-1.0150716792549457
0,-20.833333333333336,2.2507980568800807,-17.536081925495328,0.4038424694194409
0,-24.21875,2.3221650001495013,-17.543079426895705,1.5550984949070414
0,-27.083333333333332,2.33367412468181,-17.542251847252466,2.414013574599714
0,-29.947916666666668,2.3451831516279786,-17.541389371325845,3.280922137101837
0,-29.947916666666668,2.3517670213700215,-17.540709768574015,3.991912714605305
0,-29.947916666666668,2.3541299229532076,-17.54027958955712,4.617212680712325
0,-29.947916666666668,2.4445242180532687,-17.538084777411278,5.049126314748298
0,-29.947916666666668,2.460510305722553,-17.536703217034773,5.29823171095896
0,-29.947916666666668,2.470053438307919,-17.5357236689517,5.441196926253769
0,-29.947916666666668,2.472427751834541,-17.53548150127997,5.4860315388435135
0,-29.947916666666668,2.5728648766591227,-17.455073631842513,5.1337598629894075
0,-29.947916666666668,2.574799044179384,-17.454531996044487,4.750190409330795
0,-29.947916666666668,2.648150235744205,-17.450298633794862,3.207035691520509
0,-29.947916666666668,2.6586152416327784,-17.449682366395333,2.508447948100006
0,-29.947916666666668,2.6988107124068597,-17.44826925643392,0.7653941072229958
0,-29.947916666666668,2.726680071376595,-17.448182447793016,-0.5641904939583029
0,-29.947916666666668,2.7565193893925484,-17.448971935801055,-1.9173238173415699
0,-29.947916666666668,2.786029552650673,-17.450960237925056,-3.666852241985934
0,-29.947916666666668,2.8179563123612588,-17.45359736097536,-5.634216053073367
0,-29.947916666666668,2.853558082771517,-17.45816315163522,-8.001459886032313
0,-29.947916666666668,2.915295843017266,-17.381756524096367,-10.273137576307791
31.876606683804624,29.82005141388175,2.944635604421864,-17.38908362337314,-12.99085839113346
31.876606683804624,31.10539845758355,2.9695313307188136,-17.39573499154485,-15.655395249457293
31.876606683804624,32.64781491002571,2.991260041466925,-17.402271700621004,-18.24311831468082
31.876606683804624,33.67609254498715,3.0099688797825883,-17.408888283163407,-20.42557810061318
0,6.426735218508997,3.0263423995740584,-17.41544075764384,-22.743767930654293
0,8.483290488431876,3.0782032066115206,-17.432996669903446,-25.00141768464247
0,11.825192802056556,3.098900077557074,-17.445172015092034,-27.10414358744401
0,14.652956298200515,3.131741188388784,-17.46306787038518,-28.64206567528657
0,17.480719794344473,3.1754658361748582,-17.488101259395158,-30.258128335186047
0,20.822622107969153,3.094587951207458,-17.419301683349733,-32.06177293906101
0,24.67866323907455,3.0324283638836778,-17.394515204749815,-34.05263649567178
0,28.53470437017995,3.048365767697891,-17.405552357133743,-35.798323483733995
0,29.82005141388175,3.063879174245757,-17.417321018875846,-37.74639774381477
0,29.82005141388175,3.0826537233430913,-17.432312682765733,-38.83357187571665
0,29.82005141388175,3.0978889596735324,-17.44481027802566,-39.25312263349815
0,29.82005141388175,3.057198858302387,-17.418522764771293,-39.19736853861603
0,29.82005141388175,3.064202146598482,-17.42465779843312,-38.89817456463062
0,29.82005141388175,3.077068716276955,-17.435096884325706,-38.494396577905846
0,29.82005141388175,3.0130731826602575,-17.375397944136452,-38.044298433110725
0,29.82005141388175,3.030837640028,-17.389205080546944,-37.42197215431362
0,29.82005141388175,3.0020548032939494,-17.36713646109565,-36.79532581385124
0,29.82005141388175,3.010487115058731,-17.373353465442708,-35.871080154654145
0,29.82005141388175,3.0136533742264824,-17.375639146769238,-34.897539325787555
0,29.82005141388175,3.0146386352570524,-17.37640847481821,-33.70396027207226
0,29.82005141388175,3.013396640178959,-17.375735832682643,-32.4551393068684
0,29.82005141388175,3.0210981573158713,-17.38083603246277,-31.024395515403395
0,29.82005141388175,3.019839786551693,-17.379894166344624,-29.645959771303765
0,29.82005141388175,3.0179310673459696,-17.379142854300177,-28.23192465405469
0,29.82005141388175,2.9704497246713997,-17.337771849715885,-26.920494221478332
0,29.82005141388175,2.9719633067865723,-17.338593057022468,-25.538802640986383
0,29.82005141388175,2.9692205710303194,-17.33699835710761,-24.183034585602286
0,29.82005141388175,2.9692282966115062,-17.337097336034063,-22.432562074370715
0,29.82005141388175,2.9643789665096953,-17.335290847461746,-20.773084396005842
31.876606683804624,33.933161953727506,2.9571316732505486,-17.332742749888876,-19.084772656081537
31.876606683804624,33.16195372750643,2.9516406271628535,-17.331072733052498,-17.368297854161366
31.876606683804624,32.13367609254499,2.9595657907016975,-17.334464696131867,-15.42556617080821
31.876606683804624,31.362467866323907,2.960354527398345,-17.33574372967557,-13.639037114201024
31.876606683804624,30.334190231362467,2.9396770717249057,-17.3162858096657,-11.690242608174726
31.876606683804624,29.30591259640103,2.9325088330191607,-17.31491715810084,-9.8372635367561
0,-7.552083333333333,2.918841854736233,-17.3127844088976,-7.87858814208223
0,-9.114583333333332,2.942590865920726,-17.319488812823014,-6.106518991286529
0,-11.979166666666668,2.9348701751321955,-17.318546316410863,-4.119468589681893
0,-15.104166666666666,2.930401972061699,-17.318309262302535,-2.364485014043528
0,-18.229166666666664,2.927769595308132,-17.318312863372814,-0.7647865601376851
0,-21.09375,2.9233020996223984,-17.318334785789517,0.5467850118497303
0,-24.479166666666664,2.9233534255184446,-17.318301176245363,1.8668988942812013
0,-27.604166666666668,2.926456563118342,-17.318805980112792,2.9044770561046445
0,-29.947916666666668,2.922093691403628,-17.30915633211005,3.796327068100229
0,-29.947916666666668,2.9106994972045626,-17.309989926894655,4.530136577243857
0,-29.947916666666668,2.8952003405751325,-17.311356923440442,5.156030792303308
0,-29.947916666666668,2.932253075123087,-17.311166641383558,5.416542724634688
0,-29.947916666666668,2.918341571205209,-17.312721390796167,5.601926200865682
0,-29.947916666666668,2.9008862797201287,-17.314359998739405,5.5897032860192475
0,-29.947916666666668,2.881898035834588,-17.31619160010986,5.47844117856154
0,-29.947916666666668,2.866704361592796,-17.317656772346457,5.383861223426125
0,-29.947916666666668,2.9065426343330314,-17.314833697014734,5.033659986804501
0,-29.947916666666668,2.8981739716955617,-17.315477842079854,4.282753565909335
0,-29.947916666666668,2.9078851584099166,-17.307343031560958,3.0977513896434172
0,-29.947916666666668,2.911196947010463,-17.30713194242868,1.8472199522921244
0,-29.947916666666668,2.9215830874513427,-17.30689569962743,0.5173626183357521
0,-29.947916666666668,2.898331201410416,-17.308253034927226,-0.78619975816916
0,-29.947916666666668,2.9028338233541087,-17.308481691162996,-2.3751971350415126
0,-29.947916666666668,2.907171276951294,-17.30872091728225,-4.1871597992855865
0,-29.947916666666668,2.914635700509965,-17.309463985678878,-6.737385324821605
0,-29.947916666666668,2.921886246805438,-17.310589087404264,-9.324890639574207
31.876606683804624,29.30591259640103,2.902475741610254,-17.310482390771178,-11.796164794344397
31.876606683804624,30.59125964010283,2.9077803734917613,-17.311269070601433,-14.615105792104586
31.876606683804624,31.876606683804624,2.920364936913178,-17.3057636994972,-17.30845972759069
31.876606683804624,33.41902313624679,2.9204674801626247,-17.305811968967454,-20.178384709608608
0,6.426735218508997,2.9180082798590714,-17.30486464662369,-22.816100031338262
0,8.740359897172237,2.91931979887864,-17.30546426620909,-25.54685956138374
0,12.339331619537274,2.9222021148043487,-17.307526156401334,-27.879263464611668
0,15.681233933161954,2.933799769073302,-17.313999089611535,-30.00650252074026
0,19.02313624678663,2.9493653722425703,-17.323421877052066,-31.631406382160144
0,22.36503856041131,2.9673967419829834,-17.33519819605165,-33.33744259887338
0,26.221079691516707,2.9196750781575833,-17.31467886286405,-35.104964517013705
0,29.82005141388175,2.9278185570884276,-17.31001919513355,-37.17002140670622
0,29.82005141388175,2.933824857074894,-17.31472630082336,-39.09715817012423
0,29.82005141388175,2.940069717892097,-17.319969587656143,-40.67453845151551
0,29.82005141388175,2.948584737059714,-17.327361277990214,-41.493065138825
0,29.82005141388175,2.9271013596158335,-17.312827578502187,-41.68062274385538
0,29.82005141388175,2.934322835215957,-17.31937449310472,-41.389832143873605
0,29.82005141388175,2.947958173117736,-17.33129723835821,-40.90734122013146
0,29.82005141388175,2.9629928549921924,-17.344171349116333,-40.44930849555509
0,29.82005141388175,2.9741800558187435,-17.35355384444463,-40.01784979184201
0,29.82005141388175,2.9443274415051013,-17.329164969485376,-39.5257366563585
0,29.82005141388175,2.9493468047725293,-17.333235888738983,-38.74965430151123
0,29.82005141388175,2.945745692993567,-17.321501915838866,-37.76096738875755
0,29.82005141388175,2.954373457565535,-17.327945683350986,-36.48312268119451
0,29.82005141388175,2.9661184650868293,-17.336421392931047,-35.369920114418726
0,29.82005141388175,2.9718286099561544,-17.34039109266143,-34.805364719186755
0,29.82005141388175,2.9496543995849227,-17.32237564711458,-33.08566023696279
0,29.82005141388175,2.956108485969507,-17.326525268690208,-31.74924485764359
0,29.82005141388175,2.9575600991258924,-17.327397703237775,-30.505216980741434
0,29.82005141388175,2.9584853563245024,-17.327960719538137,-29.104659120444072
0,29.82005141388175,2.970034663932591,-17.3358860383598,-27.8505638027095
0,29.82005141388175,2.9671025713743195,-17.334120482600877,-27.238747639179397
0,29.82005141388175,2.9438130345970683,-17.314463960836605,-25.161881228684678
0,29.82005141388175,2.9421975952154273,-17.313722089350666,-23.642012781938657
0,29.82005141388175,2.9339052539792476,-17.310133007621292,-22.241164353609552
0,29.82005141388175,2.9523355455160147,-17.31996122681176,-20.729121588906764
31.876606683804624,34.19023136246786,2.946033070997981,-17.31732226526712,-19.4087695210011
31.876606683804624,33.41902313624679,2.943980215707802,-17.316604863557227,-18.743687870943628
31.876606683804624,32.64781491002571,2.9343554451611586,-17.31365627692859,-16.300104708509096
31.876606683804624,31.619537275064268,2.9252405786385918,-17.31119837819995,-14.379071374991709
31.876606683804624,30.59125964010283,2.9486435455700195,-17.320714648343547,-12.597608978535598
31.876606683804624,29.82005141388175,2.933821468537789,-17.308787893616064,-10.708052063435833
0,-6.25,2.931288521398795,-17.308278173518566,-8.977025262490661
0,-7.8125,2.9339209116570015,-17.308641686742654,-7.080641280047112
0,-10.677083333333332,2.9331431484489037,-17.30845512354434,-5.397279721944336
0,-13.28125,2.9193595526184835,-17.30514383925147,-3.6539540810830133
0,-16.145833333333336,2.9274519065883347,-17.305846638079345,-2.3738832259237967
0,-18.75,2.9398138471592024,-17.306107023511686,-0.9261361630929733
0,-22.135416666666664,2.945065882034492,-17.306079847925474,0.4626426315792677
0,-25.260416666666668,2.9499843426677486,-17.305905906303853,1.6843330094970914
0,-28.385416666666668,2.9553790506616266,-17.30611932211341,2.7592073061210365
0,-29.947916666666668,2.936784102239176,-17.30266214247214,3.510540194638835
0,-29.947916666666668,2.9213414091414776,-17.303759101375416,4.2355561620488045
0,-29.947916666666668,2.9001212580040923,-17.305548337491416,4.77665897446992
0,-29.947916666666668,2.8800336971935585,-17.30752568644321,5.18388377243986
0,-29.947916666666668,2.9090385779283956,-17.30693207460135,5.4902177703343735
0,-29.947916666666668,2.907541874057856,-17.30765435441166,5.704601427615629
0,-29.947916666666668,2.900533170078391,-17.30843202830029,5.649184153593727
0,-29.947916666666668,2.8912364988652937,-17.309384152416737,5.142223625663067
0,-29.947916666666668,2.883644990128394,-17.31004419877416,4.371930060425456
0,-29.947916666666668,2.8986654354204138,-17.308882444990896,3.25210437971477
0,-29.947916666666668,2.9133150859066244,-17.30373148289437,2.0883510028203287
0,-29.947916666666668,2.9163738292323593,-17.30362671345026,0.9170967950614588
0,-29.947916666666668,2.924648422737667,-17.30352861204061,-0.028001521602374835
0,-29.947916666666668,2.9328319729331165,-17.30359706757378,-1.0038010034091533
0,-29.947916666666668,2.915441329809933,-17.30438480855219,-1.9146619833806806
0,-29.947916666666668,2.9193712335722273,-17.304400042401113,-2.9655135253698606
0,-29.947916666666668,2.92170340711595,-17.30459906743525,-4.084980817306523
0,-29.947916666666668,2.9268172355279782,-17.30505012217157,-5.56862529056547
0,-29.947916666666668,2.93603408243653,-17.306090576010337,-7.181458020510149
0,-29.947916666666668,2.9084554926205435,-17.305487717102036,-9.210503487169825
0,-29.947916666666668,2.922721884517581,-17.302847684431814,-11.403999702874128
31.876606683804624,30.334190231362467,2.9281929072250588,-17.30415344921663,-14.211696568908177
31.876606683804624,31.876606683804624,2.9310355200811906,-17.304995070767394,-16.98257694736889
31.876606683804624,33.41902313624679,2.9392059623523696,-17.307659413455934,-19.751330981025994
0,5.655526992287918,2.9185625351667683,-17.304121767630374,-22.150092205318195
0,8.226221079691516,2.9248863706653006,-17.307105578249057,-24.539500677998518
0,11.053984575835475,2.9367346046943936,-17.31293873881717,-26.554381663866693
0,14.138817480719796,2.9573375002437023,-17.32374747392029,-28.286591491036987
0,16.709511568123396,2.9824886094643004,-17.337778980436614,-29.530100651908047
0,19.53727506426735,2.8957236913956375,-17.30608136596185,-30.465530475171406
0,21.85089974293059,2.927921898674904,-17.311649900867348,-30.928639033038003
0,24.164524421593832,2.9450282736638873,-17.32187308653944,-31.22399139816949
0,26.221079691516707,2.965981049460581,-17.334669661884224,-31.409901017021763
0,28.53470437017995,2.9865935534492025,-17.347271292963722,-31.500604953793005
0,29.82005141388175,2.9419881380798842,-17.323248692079215,-31.254002524555307
0,29.82005141388175,2.952694744414729,-17.329758356357058,-30.69648495544223
0,29.82005141388175,2.965291528583104,-17.337069854541625,-29.97334555651884
0,29.82005141388175,2.982510758029155,-17.346791130911964,-28.904030622730563
0,29.82005141388175,2.9976621736607965,-17.35485438971486,-27.584129497523683
0,29.82005141388175,2.9564485507810994,-17.330953958070786,-25.99878861438083
0,29.82005141388175,2.9488732858328977,-17.318163868867522,-24.700799683886963
0,29.82005141388175,2.952408344616549,-17.319662109687542,-23.613886242548855
0,29.82005141388175,2.9549089720849784,-17.32068814363506,-22.671784039083214
0,29.82005141388175,2.9519405551759608,-17.319391754507397,-21.43988222293544
0,29.82005141388175,2.958942680984432,-17.322844119785394,-20.130253836040374
31.876606683804624,33.67609254498715,2.9558313878482396,-17.32200128709471,-18.62879499810498
31.876606683804624,32.904884318766065,2.949237670748331,-17.319867382295758,-17.204190449123818
31.876606683804624,32.13367609254499,2.9379813326916135,-17.316640534270583,-15.481312257133064
31.876606683804624,31.10539845758355,2.9268037133903966,-17.313897238461845,-13.544539676980945
31.876606683804624,30.334190231362467,2.9408768354500974,-17.31154137126942,-11.746703833246368
31.876606683804624,29.30591259640103,2.9348564732599782,-17.310353021957198,-9.544849125338873
0,-7.8125,2.93093322329598,-17.30975883016061,-7.364723052009601
0,-10.15625,2.9242160347601116,-17.309083777612123,-5.028319320926376
0,-13.28125,2.921163602331548,-17.308961621312065,-2.954305190244058
0,-16.40625,2.919128969531084,-17.308592190182907,-1.3212290370919024
0,-19.270833333333336,2.9224273814788853,-17.308911602630886,0.03567398179935605
0,-22.65625,2.9184728775284454,-17.309356237209112,1.3819158867978854
0,-25.78125,2.9096493534073895,-17.30966538368123,2.3830165609754177
0,-28.90625,2.8893515051238596,-17.31075322405916,3.363549284140382
0,-29.947916666666668,2.9424142630373966,-17.306816338842303,4.207575600552127
0,-29.947916666666668,2.9221574404874864,-17.308666666614467,4.939762522867565
0,-29.947916666666668,2.8970760393363966,-17.31097700492118,5.509398405063077
0,-29.947916666666668,2.8689723371694824,-17.313945740797347,5.910737963918216
0,-29.947916666666668,2.844633277879,-17.316649823283484,6.066757330719656
0,-29.947916666666668,2.8835596857144283,-17.314754044814812,6.1798672962925405
0,-29.947916666666668,2.8802046188548784,-17.315274718073898,6.030707777704296
0,-29.947916666666668,2.8741776945393234,-17.315979176259663,5.496468384076676
0,-29.947916666666668,2.869258316022844,-17.3164111446572,4.608847699097232
0,-29.947916666666668,2.8623414367337587,-17.31689918833792,3.4020670393067425
0,-29.947916666666668,2.903052103045459,-17.306963198549536,2.260611751092426
0,-29.947916666666668,2.899538785991126,-17.30701051783382,1.0423900765552099
0,-29.947916666666668,2.893976349004237,-17.307034872356976,-0.11767233311493507
0,-29.947916666666668,2.8918132019508653,-17.306941615669967,-1.543562659381675
0,-29.947916666666668,2.8943864985931307,-17.30695985393512,-3.08396605452376
0,-29.947916666666668,2.8914720542859507,-17.306879030049714,-5.095977104200732
0,-29.947916666666668,2.890846140611077,-17.307129700176656,-7.236286127091636
0,-29.947916666666668,2.8934144347105235,-17.307473642437134,-9.824288231672705
31.876606683804624,29.562982005141386,2.8953047496101267,-17.30786707201213,-12.437774449687499
31.876606683804624,30.848329048843187,2.8995233532607303,-17.30891739933929,-15.238389620713528
31.876606683804624,32.13367609254499,2.910705284194973,-17.30345472003746,-17.65500624823539
31.876606683804624,33.67609254498715,2.9103822536788915,-17.303239520605814,-20.310935434825378
0,6.426735218508997,2.9095313003188235,-17.302921608217606,-22.780257950774367
0,8.740359897172237,2.912404996361683,-17.304170400646434,-25.070142752916166
0,11.568123393316196,2.9141239570829907,-17.30503324334508,-26.683873824145696
0,14.138817480719796,2.9026348934423125,-17.301532018966284,-28.011634680891145
0,16.452442159383033,2.906695543059314,-17.303751446944773,-29.094108032750693
0,19.28020565552699,2.912605986106283,-17.30709425609474,-30.30292031938081
0,22.10796915167095,2.9208581587017144,-17.3120832084463,-31.496084363477237
0,25.449871465295633,2.9283318974866446,-17.31687923049622,-33.0686160669307
0,29.048843187660665,2.9172815890654813,-17.30269740998648,-34.811583841720484
0,29.82005141388175,2.9207359916890567,-17.30527052493671,-36.41832082132356
0,29.82005141388175,2.922384577709888,-17.30637023602619,-37.116392843716135
0,29.82005141388175,2.9263412558985267,-17.30937915814335,-37.3136888487034
0,29.82005141388175,2.9387204351440914,-17.318781850672785,-37.12982485036023
0,29.82005141388175,2.9023036406363127,-17.2943626065698,-36.88817767207243
0,29.82005141388175,2.912919164083034,-17.302544862288826,-36.638119558828016
0,29.82005141388175,2.9300196032951367,-17.315032662312948,-36.35148272217012
0,29.82005141388175,2.94855414153262,-17.32858502056903,-35.846166626326955
0,29.82005141388175,2.9644581735219115,-17.339862647480718,-34.998959862561534
0,29.82005141388175,2.9306365081334773,-17.307992646101706,-33.96252438718142
0,29.82005141388175,2.9354595229999543,-17.3111354607061,-32.94657189083544
0,29.82005141388175,2.940958148527721,-17.314591201047243,-31.913630820891346
0,29.82005141388175,2.95083800618661,-17.320562285072395,-30.561076728837094
0,29.82005141388175,2.967259561381384,-17.329999489513398,-29.10150424956222
0,29.82005141388175,2.9365558551080495,-17.30987949441487,-27.526156023830588
0,29.82005141388175,2.9420840451307506,-17.31278468472227,-26.095949887685094
0,29.82005141388175,2.9444268037299826,-17.313933339622825,-24.689243933102457
0,29.82005141388175,2.9429610044411434,-17.31327128796125,-23.43797575187977
0,29.82005141388175,2.9477502425454047,-17.31534330980854,-22.05427916288437
0,29.82005141388175,2.934496650954933,-17.305222055516378,-20.760675351366256
31.876606683804624,34.19023136246786,2.935899962522804,-17.305845757880444,-19.261159415882208
31.876606683804624,33.41902313624679,2.9372006235722625,-17.306265869905577,-17.895655092039075
31.876606683804624,32.64781491002571,2.942083359805332,-17.307764566560863,-16.480742978526425
31.876606683804624,31.876606683804624,2.9424904918383086,-17.307812081918865,-15.238123072885339
31.876606683804624,31.362467866323907,2.9399958459036366,-17.30674065558428,-13.846350142489714
31.876606683804624,30.59125964010283,2.9401215844558086,-17.306554104583572,-12.468265236605353
31.876606683804624,29.82005141388175,2.9445837559424226,-17.307367630212713,-10.880069610105581
0,-5.989583333333334,2.950117360635811,-17.30835455162118,-9.780493543295805
0,-6.510416666666667,2.9545523761541155,-17.309066237162583,-9.173156481864261
0,-7.8125,2.936258355769065,-17.302360717200877,-8.574149128039407
0,-9.114583333333332,2.936517975404593,-17.30234732672508,-8.076528546492009
0,-10.677083333333332,2.9387284023685716,-17.302596210167213,-7.275727048113733
0,-12.5,2.934690271866777,-17.302114710599398,-6.3328448462459725
0,-14.583333333333334,2.9315730149768173,-17.30180008894493,-5.4405166259302336
0,-16.666666666666664,2.95122055462587,-17.305252521579717,-4.395838981745235
0,-19.010416666666664,2.9423387389100397,-17.304498690357473,-3.4352119948036237
0,-21.354166666666664,2.9306404929856886,-17.30395409001392,-2.398995352639368
0,-23.958333333333336,2.9170939913133305,-17.303542432171987,-1.5051598900792715
0,-26.302083333333332,2.8992366271874483,-17.30325314516351,-0.755996926202279
0,-28.645833333333332,2.9320315440713105,-17.302662097390208,-0.2417474877510853
0,-29.947916666666668,2.9254749691635538,-17.3025813595247,0.2775956799000647
0,-29.947916666666668,2.921190083381291,-17.302612375126234,0.6863193183988737
0,-29.947916666666668,2.917512707145507,-17.302663157061765,1.1004243031726404
0,-29.947916666666668,2.9134210980332598,-17.302749880834373,1.4888835947070045
0,-29.947916666666668,2.917518303738689,-17.302837027848998,1.833332946142942
0,-29.947916666666668,2.917418466714067,-17.303016440907985,1.9904652187733187
0,-29.947916666666668,2.9172540559852242,-17.3029710189607,2.023071211589537
0,-29.947916666666668,2.9190635654663826,-17.302910585375514,2.044257809532246
0,-29.947916666666668,2.9229051782865993,-17.302771452715728,2.077355453265832
0,-29.947916666666668,2.919519909633131,-17.30069179854708,2.082432467542272
0,-29.947916666666668,2.9223667717907262,-17.300572086290753,2.065146208960373
0,-29.947916666666668,2.92655146054709,-17.300412294019427,2.053384539385227
0,-29.947916666666668,2.9308653345563944,-17.30024422576481,2.0981136899311785
0,-29.947916666666668,2.9370734876200126,-17.300017614900547,2.022913736677448
0,-29.947916666666668,2.92265082374733,-17.300462668920503,2.0868255348092903
0,-29.947916666666668,2.9260166699511982,-17.300352995238253,1.9812295583785142
0,-29.947916666666668,2.9297921276866656,-17.300233252686734,1.875890893395285
0,-29.947916666666668,2.9302690324658274,-17.300192856976565,2.122816652403809
0,-29.947916666666668,2.932429882810489,-17.300086607391616,2.5353847206528908
0,-29.947916666666668,2.9302291284265243,-17.299231775033665,3.0050804367503354
0,-29.947916666666668,2.9293338439105034,-17.29927470263445,3.4674873244197073
0,-29.947916666666668,2.9282791379682642,-17.299345282561763,3.835253890041585
0,-29.947916666666668,2.9272226605708473,-17.2994258441958,4.135576976412181
0,-29.947916666666668,2.9260042711752523,-17.29952443600955,4.375011502146355
0,-29.947916666666668,2.928453663363116,-17.299387942032354,4.523511083199685
0,-29.947916666666668,2.927939951498081,-17.299431893802122,4.582338782153207
0,-29.947916666666668,2.9274064006597453,-17.29947594329016,4.567153107263835
0,-29.947916666666668,2.9267485666611965,-17.29953163125184,4.573502217666986
0,-29.947916666666668,2.926107382721999,-17.299586386896145,4.583124176629287
0,-29.947916666666668,2.9275974042280213,-17.298943088639465,4.611674105120357
0,-29.947916666666668,2.9273237131558103,-17.29896487301644,4.610479981806753
0,-29.947916666666668,2.926975206915474,-17.29899324143429,4.606272007433704
0,-29.947916666666668,2.926591650326419,-17.299025127248886,4.617532439900259
0,-29.947916666666668,2.926102371748663,-17.29906625055279,4.62317167679986
0,-29.947916666666668,2.9270909516210364,-17.29898384941312,4.650927301236891
0,-29.947916666666668,2.9268852907601732,-17.299001601697857,4.654935552414323
0,-29.947916666666668,2.926672456257806,-17.299020082019606,4.640242595574264
0,-29.947916666666668,2.926412683597799,-17.299042556124313,4.585882131725316
0,-29.947916666666668,2.926179136195803,-17.299063352381108,4.573640981098692
0,-29.947916666666668,2.9271377697246614,-17.298715381168495,4.556486454721149
0,-29.947916666666668,2.9270517853999185,-17.298722345618085,4.5536301339660055
0,-29.947916666666668,2.9269486625150742,-17.298731152411154,4.574358954115415
0,-29.947916666666668,2.9268610689853265,-17.298739025246583,4.5890976196338675
0,-29.947916666666668,2.9267078970817546,-17.298752585937663,4.587750121496837
0,-29.947916666666668,2.9270360614876414,-17.298722612774633,4.603263443551043
0,-29.947916666666668,2.9269466316921227,-17.29873069910257,4.646217952521568
0,-29.947916666666668,2.926872006173642,-17.298737669210297,4.642492694736623
0,-29.947916666666668,2.926774888918394,-17.29874675672904,4.612754739650044
0,-29.947916666666668,2.926688663322701,-17.298755251681097,4.6305102868736645
0,-29.947916666666668,2.9272054386980275,-17.298577269422864,4.591491058401027
0,-29.947916666666668,2.927217460444362,-17.298576547228627,4.630737776819241
0,-29.947916666666668,2.927186273926055,-17.298579500561033,4.589976745724276
0,-29.947916666666668,2.927143867336348,-17.29858358589526,4.643794581892867
0,-29.947916666666668,2.9270728233915073,-17.298590252333636,4.64874153085376
0,-29.947916666666668,2.927231577284388,-17.2985749062586,4.636056166932348
0,-29.947916666666668,2.9271825500677546,-17.298579367230193,4.663422554667068
0,-29.947916666666668,2.9271169267234165,-17.298585182420357,4.611182931619742
0,-29.947916666666668,2.9270368095068804,-17.298592426392496,4.607581372214126
0,-29.947916666666668,2.9269359397053427,-17.298601505756345,4.635371151251159
0,-29.947916666666668,2.9274264748118144,-17.29849330361484,4.599892936827369
0,-29.947916666666668,2.9273256743377023,-17.298501375989126,4.539848927962229
0,-29.947916666666668,2.927196224853033,-17.2985118948045,4.532376815199375
0,-29.947916666666668,2.9270501847463004,-17.29852411951047,4.602052084262655
0,-29.947916666666668,2.926838643298049,-17.298541952173135,4.65785776076185
0,-29.947916666666668,2.9273884457234147,-17.298496515337327,4.6860940212957365
0,-29.947916666666668,2.9272265935313815,-17.298509874059256,4.673209896999273
0,-29.947916666666668,2.9271015088643724,-17.29852032932179,4.667278993282967
0,-29.947916666666668,2.9269591071998287,-17.298532152674852,4.631169895604641
0,-29.947916666666668,2.9267837819096707,-17.29854685008899,4.6340419392128265
0,-29.947916666666668,2.92737829986089,-17.29846427929602,4.647136051246842
0,-29.947916666666668,2.9273040762173936,-17.298470346832893,4.62045208084204
0,-29.947916666666668,2.9271975144284053,-17.298479036880323,4.58680933265551
0,-29.947916666666668,2.9270488165271473,-17.29849130952105,4.616762301482808
0,-29.947916666666668,2.92686856731537,-17.298506003699224,4.5883211847245
0,-29.947916666666668,2.9273238417463285,-17.298468264493355,4.581923777766802
0,-29.947916666666668,2.9272144760361987,-17.298477302020736,4.6164722417065205
0,-29.947916666666668,2.927069877870971,-17.29848926622849,4.639639649624643
0,-29.947916666666668,2.92691392739899,-17.298502023780124,4.6238026847169
0,-29.947916666666668,2.926739935460427,-17.29851647020723,4.638525916256317
0,-29.947916666666668,2.9273672720097683,-17.29844856279164,4.631481451989741
0,-29.947916666666668,2.9272753747024054,-17.298455998880556,4.622705217944178
0,-29.947916666666668,2.9271813719779245,-17.29846364286871,4.611101064566782
0,-29.947916666666668,2.927042463632327,-17.298474984239146,4.610388611548481
0,-29.947916666666668,2.92693145893643,-17.298484071512664,4.608406367377246
0,-29.947916666666668,2.9271712753969843,-17.298464192473862,4.593005099561711
0,-29.947916666666668,2.927123524573485,-17.298468131922426,4.601426876827792
0,-29.947916666666668,2.927051834495437,-17.298474084349895,4.634382869036559
0,-29.947916666666668,2.926941495210719,-17.29848320534117,4.659103850661288
0,-29.947916666666668,2.926794178653247,-17.298495433707245,4.675520170206223
0,-29.947916666666668,2.927377596959559,-17.298439540121812,4.643619372338912
0,-29.947916666666668,2.9272949112312525,-17.298446211712484,4.62711359981338
0,-29.947916666666668,2.92715351682796,-17.298457623635578,4.612762404659197
0,-29.947916666666668,2.926963585310902,-17.298472986363816,4.6209727571057435
0,-29.947916666666668,2.9267632045029384,-17.298489300524103,4.631557363260836
0,-29.947916666666668,2.927266855509214,-17.298448275632097,4.628730193963311
0,-29.947916666666668,2.927145258698627,-17.29845821458265,4.6453007054879
0,-29.947916666666668,2.9269726996167167,-17.29847223439874,4.639452087678288
0,-29.947916666666668,2.9267538425944846,-17.298489877765896,4.612392487315337
0,-29.947916666666668,2.926482447312689,-17.298512135791317,4.655583491086783
0,-29.947916666666668,2.927400034519674,-17.298433335942118,4.611218495435002
0,-29.947916666666668,2.9272012306506587,-17.29844923588994,4.595943315273407
0,-29.947916666666668,2.9269426039177726,-17.298470177279096,4.617184968035661
0,-29.947916666666668,2.926665594099249,-17.298492480684853,4.604503473587378
0,-29.947916666666668,2.926405432192945,-17.29851360549216,4.629060642991129
0,-29.947916666666668,2.926909194430636,-17.29847281922394,4.63456619631524
0,-29.947916666666668,2.9268248066621845,-17.298479848392724,4.675919330711567
0,-29.947916666666668,2.9266852185677017,-17.298491264988538,4.685412486836782
0,-29.947916666666668,2.9265715818420857,-17.298500392098454,4.649827581251553
0,-29.947916666666668,2.9264602482711277,-17.29850957405253,4.666469989528979
0,-29.947916666666668,2.927162351694209,-17.29845064132405,4.653123900921958
0,-29.947916666666668,2.9270974640984964,-17.29845595742916,4.667168384708635
0,-29.947916666666668,2.9270058034711908,-17.29846340591158,4.652601539205562
0,-29.947916666666668,2.926833167589515,-17.298477490139224,4.663045153036785
0,-29.947916666666668,2.926652566305256,-17.29849214045332,4.649772294611223
0,-29.947916666666668,2.927194173148765,-17.298448080869772,4.6805903800098045
0,-29.947916666666668,2.927032204880966,-17.298461237549358,4.67574529196989
0,-29.947916666666668,2.9269178299496934,-17.298470677848275,4.697657229038649
0,-29.947916666666668,2.9268254658076094,-17.298478293462694,4.705035030376967
0,-29.947916666666668,2.9267290062375197,-17.2984862022525,4.705663375829545
0,-29.947916666666668,2.9271560698125714,-17.298450331833624,4.643472514695761
0,-29.947916666666668,2.9272608750091256,-17.298441777848765,4.717344903047175
0,-29.947916666666668,2.9275419337822037,-17.298418375061438,4.758211444526468
0,-29.947916666666668,2.928096007025649,-17.29837113893697,4.882070636742487
0,-29.947916666666668,2.928786559020745,-17.29830658672154,5.205188323097524
0,-29.947916666666668,2.9267294647735187,-17.29847176271613,5.408829430310316
0,-29.947916666666668,2.9273998268255528,-17.298404679615345,5.5477258630643735
0,-29.947916666666668,2.928328576031822,-17.298315631276882,5.519074053168685
0,-29.947916666666668,2.9296139217509722,-17.298199141836378,5.311901960501954
0,-29.947916666666668,2.930968476078981,-17.298083720094045,5.07900606400027
0,-29.947916666666668,2.927556596076531,-17.29841170857525,4.839821198800731
0,-29.947916666666668,2.928185560875947,-17.29836208096429,4.696889357592997
0,-29.947916666666668,2.928691749743279,-17.298321762789662,4.646892831505811
0,-29.947916666666668,2.9292416111559016,-17.29827771356167,4.628177166011835
0,-29.947916666666668,2.9297766050080303,-17.298235156664415,4.599442506369394
0,-29.947916666666668,2.9287378661384667,-17.298322807276747,4.632881913453457
0,-29.947916666666668,2.9289336301993454,-17.298306827834992,4.655584277441653
0,-29.947916666666668,2.9290957725676052,-17.298293614123207,4.677404861305611
0,-29.947916666666668,2.9292290093119924,-17.298282753604205,4.675921635659978
0,-29.947916666666668,2.9293112592440917,-17.298276075400956,4.676787512502986
0,-29.947916666666668,2.928381743572728,-17.29835091703608,4.6164909157445475
0,-29.947916666666668,2.9283657603300655,-17.298352179956296,4.591467197149576
0,-29.947916666666668,2.928317954006176,-17.29835607411995,4.6280523293045555
0,-29.947916666666668,2.9282309119780203,-17.298363168891264,4.664273508845866
0,-29.947916666666668,2.9280759084594665,-17.298375664402762,4.6319027054895265
0,-29.947916666666668,2.9291217666893186,-17.298290290857512,4.581632024353264
0,-29.947916666666668,2.9285225445767784,-17.298338701707777,4.478841206975231
0,-29.947916666666668,2.9284451929030038,-17.29834441092926,4.485173732339075
0,-29.947916666666668,2.928371118176343,-17.298350443062617,4.593220439976133
0,-29.947916666666668,2.928346822421912,-17.298352635315727,4.637223463507784
0,-29.947916666666668,2.928262839136651,-17.29835966023037,4.582356510103134
0,-29.947916666666668,2.9281311406240333,-17.298369872346935,4.520213730203882
0,-29.947916666666668,2.927979532426107,-17.298382042075282,4.555412477615776
0,-29.947916666666668,2.927787421445628,-17.298397390114193,4.57018894385861
0,-29.947916666666668,2.9275880888592734,-17.29841318537815,4.5487088684584736
0,-29.947916666666668,2.9280567925417675,-17.29837595175673,4.600661529030527
0,-29.947916666666668,2.927934596032927,-17.298385946577277,4.6307896072503105
0,-29.947916666666668,2.927774848719657,-17.298399005743597,4.6632785926982985
0,-29.947916666666668,2.927570810928224,-17.298415645439928,4.670798282919107
0,-29.947916666666668,2.927390507892118,-17.298430427005705,4.684409316686345
0,-29.947916666666668,2.9277004698801434,-17.298405256925058,4.649539721551525
0,-29.947916666666668,2.927666717288608,-17.29840798582803,4.673176796616742
0,-29.947916666666668,2.9277695181276258,-17.298399568369458,4.703361863772974
0,-29.947916666666668,2.9281755354899213,-17.298365342540926,4.882314841077679
0,-29.947916666666668,2.9287027792969087,-17.298316396639937,5.2065086061257775
0,-29.947916666666668,2.9271835600204277,-17.298441108086163,5.202663761719822
0,-29.947916666666668,2.927623898392383,-17.29840256866823,5.08247492608114
0,-29.947916666666668,2.9286009487298417,-17.298315811484613,5.063147689647018
0,-29.947916666666668,2.9303669284830414,-17.298159843835037,5.04543738072699
0,-29.947916666666668,2.9319594098996924,-17.29802183109566,4.999372236112147
0,-29.947916666666668,2.9275026707818244,-17.29842053836926,4.831272430512602
0,-29.947916666666668,2.928391325874872,-17.298349431142906,4.718796074072355
0,-29.947916666666668,2.929074431525379,-17.298295997114472,4.634347619803931
0,-29.947916666666668,2.929803268154783,-17.298237658883142,4.6064385363536084
0,-29.947916666666668,2.930271446856075,-17.29820116387315,4.557949632712072
0,-29.947916666666668,2.929115399319477,-17.29829826798073,4.551128602008295
0,-29.947916666666668,2.9294682417091926,-17.29826751531976,4.580252663450067
0,-29.947916666666668,2.9293565850475405,-17.298276927577966,4.620554646503813
0,-29.947916666666668,2.9287487207124454,-17.29832599755697,4.64429316805539
0,-29.947916666666668,2.928343717063129,-17.29835930117627,4.6745427104560555
0,-29.947916666666668,2.9286858884116937,-17.298327816729717,4.628671921145585
0,-29.947916666666668,2.928436692264288,-17.298347548797267,4.591385337241695
0,-29.947916666666668,2.928154782284424,-17.298370282987374,4.607915445008955
0,-29.947916666666668,2.92788400344516,-17.29839193559469,4.603946929291846
0,-29.947916666666668,2.9275884763648534,-17.29841557076582,4.593442552875226
0,-29.947916666666668,2.9281387056544053,-17.29837109979332,4.608782351044956
0,-29.947916666666668,2.9280290498052377,-17.298380037191897,4.627938063338539
0,-29.947916666666668,2.9279289585469797,-17.298388257569442,4.669254267345969
0,-29.947916666666668,2.9277621278506896,-17.29840181641111,4.664119380286167
0,-29.947916666666668,2.927541687096702,-17.298419871048573,4.688263566968186
0,-29.947916666666668,2.927844480204313,-17.298394372732535,4.677216066503208
0,-29.947916666666668,2.927731714242108,-17.298403533802777,4.674302707368316
0,-29.947916666666668,2.927358261497427,-17.298433890236662,4.652054983414604
0,-29.947916666666668,2.9269998346674218,-17.298462936496207,4.645547379178469
0,-29.947916666666668,2.9264575289564005,-17.298506414859357,4.616723482204314
0,-29.947916666666668,2.9275077062681754,-17.298420763426332,4.625015830114595
0,-29.947916666666668,2.927259593216744,-17.29844083981698,4.63634949442848
0,-29.947916666666668,2.9255136022994,-17.29857996201461,4.543735115432489
0,-29.947916666666668,2.924467356827269,-17.298660614715796,4.468792917498815
0,-29.947916666666668,2.9236253226507767,-17.298725102637057,4.422132849699699
0,-29.947916666666668,2.9262906170748644,-17.29851394042717,4.438226782308402
0,-29.947916666666668,2.92599345920125,-17.298537611771383,4.508009897376623
0,-29.947916666666668,2.9256776094078156,-17.298563428965394,4.561593044622733
0,-29.947916666666668,2.9254763778126733,-17.29858012792677,4.6329182394741935
0,-29.947916666666668,2.92564041583873,-17.29856727593729,4.714556127815539
0,-29.947916666666668,2.9246870581469677,-17.29864308626531,4.7509356653746275
0,-29.947916666666668,2.925131478804385,-17.29860664068518,4.721027821135407
0,-29.947916666666668,2.925728197484327,-17.298556822393515,4.757006532052731
0,-29.947916666666668,2.926568793498847,-17.2984868623682,4.760571194792591
0,-29.947916666666668,2.9273271537360075,-17.2984241491499,4.744080826450555
0,-29.947916666666668,2.926527601227494,-17.298496402299676,4.66787423526533
0,-29.947916666666668,2.926818573120606,-17.298473543968818,4.60402539536771
0,-29.947916666666668,2.927076465311853,-17.298452865690752,4.60281689959354
0,-29.947916666666668,2.9271693610234264,-17.298445518006474,4.605615419090172
0,-29.947916666666668,2.9272298936619374,-17.298440865780748,4.580842309772405
0,-29.947916666666668,2.9273505135401545,-17.298431180677273,4.542864559494095
0,-29.947916666666668,2.9272521615506197,-17.298439065197638,4.5526559974889045
0,-29.947916666666668,2.927210466170167,-17.298442489567357,4.607618152107753
0,-29.947916666666668,2.9264850926616743,-17.298500316133893,4.556455932045368
0,-29.947916666666668,2.9255161721940612,-17.298575816934648,4.506345211502841
0,-29.947916666666668,2.9266459035675023,-17.298486791220924,4.417858699974193
0,-29.947916666666668,2.9281736686982702,-17.298373522409097,4.270455184854582
0,-29.947916666666668,2.929716824512706,-17.29826174646592,4.177272429258368
0,-29.947916666666668,2.931732344939917,-17.2981136137543,4.179006393615659
0,-29.947916666666668,2.9325890949624367,-17.298048591288943,4.220876010164031
0,-29.947916666666668,2.9320594832003914,-17.298088480811078,4.250980610384674
0,-29.947916666666668,2.931819320449901,-17.298106257756743,4.292588795688059
0,-29.947916666666668,2.9318940810478584,-17.298099608101573,4.392416815647568
0,-29.947916666666668,2.931962413827438,-17.29809354283567,4.501467261826442
0,-29.947916666666668,2.9318860577471915,-17.298099195247676,4.590696011113417
0,-29.947916666666668,2.9298150545607062,-17.29825082447731,4.639616121706647
0,-29.947916666666668,2.929800062114534,-17.29825188769473,4.614661340535503
0,-29.947916666666668,2.9286524926570525,-17.298345406528625,4.609772994750723
0,-29.947916666666668,2.9277323103872406,-17.298418581889536,4.589630456078877
0,-29.947916666666668,2.9265761394839362,-17.298512492827324,4.628014183268601
0,-29.947916666666668,2.9286427694575967,-17.298347549823752,4.6105819350391855
0,-29.947916666666668,2.9283809017623663,-17.298369261750388,4.648345484297247
0,-29.947916666666668,2.9284231105512193,-17.298366383958342,4.702019399015781
0,-29.947916666666668,2.9284639714901064,-17.29836313798385,4.749343141928062
0,-29.947916666666668,2.9290390559915136,-17.29831517166146,4.793433789478829
0,-29.947916666666668,2.92759267257824,-17.298423523946035,4.732925322672539
0,-29.947916666666668,2.9279098192989426,-17.298397993739353,4.66017361230007
0,-29.947916666666668,2.9281727413222116,-17.29837680578524,4.631891941675897
0,-29.947916666666668,2.9284531154534483,-17.298354292069394,4.615405216074283
0,-29.947916666666668,2.928636635642985,-17.298339498216958,4.616980257011118
0,-29.947916666666668,2.9283596391979874,-17.29836238819168,4.596251104231489
0,-29.947916666666668,2.9283853118913923,-17.29836038042246,4.58353015400262
0,-29.947916666666668,2.9283461661107717,-17.298363443713836,4.646681470897683
0,-29.947916666666668,2.928099242785324,-17.298383396703628,4.618268471231404
0,-29.947916666666668,2.927883696117384,-17.298401010966383,4.659321830662873
0,-29.947916666666668,2.9280114637119734,-17.298385504491673,4.694168049685843
0,-29.947916666666668,2.9280135872600197,-17.29838548911854,4.847692026487569
0,-29.947916666666668,2.928363432381955,-17.298355219812485,4.978908937435367
0,-29.947916666666668,2.928862279039918,-17.29831250173534,4.919178098259961
0,-29.947916666666668,2.9295026653562934,-17.298257228115165,4.939914522077048
0,-29.947916666666668,2.9274507792233857,-17.298428967828574,4.9803455023959495
0,-29.947916666666668,2.928065110512267,-17.298374875015455,4.971646777665635
0,-29.947916666666668,2.9290509300011434,-17.298291231147495,4.913263110643815
0,-29.947916666666668,2.930472708415527,-17.298164007647255,5.0583077605584466
0,-29.947916666666668,2.9324158987551865,-17.297987958710504,5.132622304641439
0,-29.947916666666668,2.92771419741784,-17.298402729847894,4.954833528895149
0,-29.947916666666668,2.9286485514381573,-17.29832701813989,4.7985211342854726
0,-29.947916666666668,2.9294747425388836,-17.298263210573836,4.639411397541959
0,-29.947916666666668,2.9303129560709285,-17.29819554331382,4.640023618485301
0,-29.947916666666668,2.93103618058379,-17.29813880960504,4.573777931869846
0,-29.947916666666668,2.9286264117932888,-17.29834433031333,4.505057639396115
0,-29.947916666666668,2.929689941655993,-17.298258302645863,4.508954852036056
0,-29.947916666666668,2.929694312380166,-17.29825505220104,4.631247262034666
0,-29.947916666666668,2.929796765234793,-17.29824701291487,4.670058703312306
0,-29.947916666666668,2.9308221855291916,-17.2981635144288,4.6750525876580005
0,-29.947916666666668,2.9282107916343922,-17.298369553452705,4.731725128999214
0,-29.947916666666668,2.928517943280665,-17.298343802405093,4.757185588026114
0,-29.947916666666668,2.9289990783790416,-17.29830352849926,4.778233762180815
0,-29.947916666666668,2.92939623561602,-17.298270403779124,4.770008676340133
0,-29.947916666666668,2.929737621238551,-17.298242168955653,4.756177232115464
0,-29.947916666666668,2.929498448224751,-17.29826251128986,4.719866135044307
0,-29.947916666666668,2.9293591777446473,-17.298274105276313,4.706421260739387
0,-29.947916666666668,2.9292627278876497,-17.29828206019324,4.705110198723182
0,-29.947916666666668,2.9292603587423676,-17.298282183371843,4.636918692637986
0,-29.947916666666668,2.928937078827254,-17.29830838010879,4.606717350471341
0,-29.947916666666668,2.928656982338248,-17.298328870432517,4.626386661400496
0,-29.947916666666668,2.9284365399822274,-17.298346977263687,4.671461995127792
0,-29.947916666666668,2.9282229065035947,-17.298364480367056,4.691942971412551
0,-29.947916666666668,2.9279975300089207,-17.298382746527487,4.670786199304924
0,-29.947916666666668,2.9276649523204097,-17.29840988909194,4.668933380841266
0,-29.947916666666668,2.928510547763128,-17.298341018524738,4.701496768461806
0,-29.947916666666668,2.9282520629321183,-17.2983617708583,4.65536525007771
0,-29.947916666666668,2.9279974903398482,-17.298382366709085,4.64739144835972
0,-29.947916666666668,2.927496312406134,-17.298423440033353,4.683913941795742
0,-29.947916666666668,2.9268977261206324,-17.2984724406805,4.692187380137947
0,-29.947916666666668,2.9279114040466245,-17.29838767149124,4.5748622141182596
0,-29.947916666666668,2.9278027227681394,-17.298396107845093,4.543223206493334
0,-29.947916666666668,2.9279613172701984,-17.29838336599397,4.445591127378493
0,-29.947916666666668,2.9283378869046404,-17.298354104524876,4.448503211344614
0,-29.947916666666668,2.929011129406225,-17.298302583871113,4.3824992140217045
0,-29.947916666666668,2.9272061938529848,-17.29844696748438,4.350949784517471
0,-29.947916666666668,2.927731434709793,-17.29840666582202,4.3598835532729865
0,-29.947916666666668,2.9285334151751576,-17.298348670839115,4.23610421003142
0,-29.947916666666668,2.929867325373053,-17.29825385759162,4.1232431694719605
0,-29.947916666666668,2.93147511260186,-17.298143263719613,4.014787501447577
0,-29.947916666666668,2.9272953053150523,-17.298446483494367,4.184817276161718
0,-29.947916666666668,2.928148540751438,-17.29837662539907,4.429431551175718
0,-29.947916666666668,2.928980523787209,-17.298308248574898,4.565571717229548
0,-29.947916666666668,2.929719393772424,-17.29824769732834,4.628558139990323
0,-29.947916666666668,2.9304935670780385,-17.29818425710638,4.6526697609053524
0,-29.947916666666668,2.9290938249415635,-17.298291741845624,4.698454847687904
0,-29.947916666666668,2.9293477767276936,-17.298270660376215,4.722812374176341
0,-29.947916666666668,2.929514137908987,-17.298257015446165,4.714680311934803
0,-29.947916666666668,2.9295917712905903,-17.29825045885273,4.758953707134139
0,-29.947916666666668,2.929604224219538,-17.298249515466864,4.749000081921089
0,-29.947916666666668,2.928586593277954,-17.298332692147547,4.725264225085907
0,-29.947916666666668,2.9285870155236338,-17.298332669017245,4.690477196317897
0,-29.947916666666668,2.928578772908328,-17.298333361053544,4.67951873826892
0,-29.947916666666668,2.9285348420400776,-17.298336966464984,4.691700654512245
0,-29.947916666666668,2.928395710917214,-17.298348267268278,4.63657636639335
0,-29.947916666666668,2.9287531990377906,-17.2983189359828,4.618605404985166
0,-29.947916666666668,2.9286402752316785,-17.29832799729094,4.592079468439749
0,-29.947916666666668,2.928538991015323,-17.29833617555321,4.60670992239145
0,-29.947916666666668,2.928353177856042,-17.29835145026907,4.668628033610584
0,-29.947916666666668,2.9281436640747613,-17.298368497911145,4.666698352091028
